bench.path,bench.duration,bench.samples,bench.repeats,stats.mean,stats.stddev,stats.p10,stats.p50,stats.p90,stats.min,stats.max
server/types/color3/init/empty,7.461249900050461,1000,100000,66227,9086,57310,63436,80410,53077,111002
server/types/color3/init/from-hex,11.08061478601303,1000,100000,102081,10481,92719,99022,117103,84786,190101
server/types/color3/init/from-hsv,8.254070640075952,1000,100000,74299,8104,65610,72564,86512,59613,102273
server/types/color3/init/from-rgb,8.811579881003127,1000,100000,79789,8742,70789,77845,91318,63666,128290
server/types/color3/init/new,7.399503776920028,1000,100000,65774,6385,59321,64485,73838,47637,95545
server/types/color3/method/lerp,8.757186154020019,1000,100000,79328,10295,69918,76087,95998,64396,158180

